paul@mail.com,paul1998,1,7
leo-paul@mail.com,leopaul1996,2,6
collins@astronaute.us,collins1930,3,5
aldrin@astronaute.us,aldrin1930,4,4
lovell@astronaute.us,lovell1928,5,3
haise@astronaute.us,haise1933,6,2
swigert@astronaute.us,swigert1931,7,1